{
  "usd_to_support": 475739.00223630155,
  "pct_to_support": 4.7573900223630154,
  "generated_date": "2026-02-09 15:57:24"
}