{
  "BIL": {
    "period": 16,
    "shift": -0.015
  },
  "IGSB": {
    "period": 16,
    "shift": -0.0049999999999999975
  },
  "IGIB": {
    "period": 16,
    "shift": -0.009999999999999998
  },
  "LQD": {
    "period": 16,
    "shift": -0.02
  },
  "HYS": {
    "period": 16,
    "shift": -0.004999999999999994
  },
  "EMB": {
    "period": 16,
    "shift": 6.938893903907228e-18
  },
  "CEMB": {
    "period": 16,
    "shift": -0.004999999999999994
  },
  "SPY": {
    "period": 18,
    "shift": -0.025000000000000015
  },
  "QQQ": {
    "period": 18,
    "shift": -0.044999999999999984
  },
  "VGK": {
    "period": 18,
    "shift": -0.04000000000000001
  },
  "EWG": {
    "period": 18,
    "shift": -0.020000000000000018
  },
  "EWQ": {
    "period": 18,
    "shift": -0.05
  },
  "EWI": {
    "period": 18,
    "shift": -0.045000000000000005
  },
  "EWJ": {
    "period": 18,
    "shift": -0.020000000000000018
  },
  "EWZ": {
    "period": 18,
    "shift": -0.02499999999999994
  },
  "INDA": {
    "period": 18,
    "shift": -0.05999999999999997
  },
  "MCHI": {
    "period": 18,
    "shift": -0.06999999999999998
  },
  "XLK": {
    "period": 18,
    "shift": -0.014999999999999958
  },
  "XLY": {
    "period": 20,
    "shift": -0.014999999999999958
  },
  "XLV": {
    "period": 18,
    "shift": -0.03499999999999996
  },
  "XLI": {
    "period": 18,
    "shift": -0.01999999999999995
  },
  "XLC": {
    "period": 18,
    "shift": -0.01999999999999995
  },
  "SMH": {
    "period": 18,
    "shift": -0.08
  },
  "HEAL": {
    "period": 20,
    "shift": -0.059999999999999984
  },
  "PPA": {
    "period": 18,
    "shift": -0.039999999999999966
  },
  "PAVE": {
    "period": 18,
    "shift": -0.08
  },
  "ARKF": {
    "period": 20,
    "shift": -0.12
  },
  "AIQ": {
    "period": 20,
    "shift": -0.11499999999999999
  },
  "EBIZ": {
    "period": 20,
    "shift": -0.07999999999999996
  },
  "BKCH": {
    "period": 20,
    "shift": -0.12
  },
  "QTUM": {
    "period": 20,
    "shift": -0.06999999999999995
  },
  "ARKX": {
    "period": 24,
    "shift": -0.04499999999999993
  },
  "ESPO": {
    "period": 20,
    "shift": -0.04999999999999993
  },
  "GLD": {
    "period": 20,
    "shift": -0.05999999999999994
  },
  "FTLS": {
    "period": 20,
    "shift": -0.029999999999999916
  },
  "QAI": {
    "period": 20,
    "shift": -0.029999999999999916
  },
  "WTMF": {
    "period": 20,
    "shift": -0.029999999999999916
  }
}